{"minzoom":0,"maxzoom":9,"center":[27.070313,55.973298,9.0],"bounds":[20.962119,55.674681,28.241573,58.085567]}