{"minzoom":0,"maxzoom":8,"center":[27.421875,56.168028,8.0],"bounds":[20.962119,55.674681,28.241573,58.085567]}